{
    "type": "crafting_shaped",
    "pattern": [
      "#X#",
      "O@O",
      "+-%"
    ],
    "key": {
      "#": {
        "item": "minecraft:netherite_block",
        "data": 2
      },
      "X": {
        "item": "minecraft:enchanted_book"
      },
      "O": {
        "item": "minecraft:netherite_ingot",
        "data": 0
      },
      "@": {
        "item": "minecraft:nether_star"
      },
      "+": {
        "item": "minecraft:leather"
      },
      "-": {
        "item": "minecraft:stick"
      },
      "%": {
        "item": "minecraft:string"
      }
    },
    "result": {
      "item": "minecraft:knowledge_book"
    }
  }