{
	"credit": "Made with Blockbench",
	"textures": {
		"0": "block/head",
		"1": "block/texture",
		"2": "block/texture",
		"3": "block/texture",
		"4": "block/texture",
		"particle": "block/head"
	},
	"elements": [
		{
			"name": "head",
			"from": [6.25, 14, 6.25],
			"to": [9.75, 14.5, 9.75],
			"rotation": {"angle": 0, "axis": "y", "origin": [8, 14, 8]},
			"faces": {
				"north": {"uv": [3.5, 3, 5.5, 3.5], "texture": "#0"},
				"east": {"uv": [7, 6, 9, 6.5], "texture": "#0"},
				"south": {"uv": [7, 6.5, 9, 7], "texture": "#0"},
				"west": {"uv": [8.5, 2, 10.5, 2.5], "texture": "#0"},
				"up": {"uv": [2, 10, 0, 8], "texture": "#0"},
				"down": {"uv": [4, 8.5, 2, 10.5], "texture": "#0"}
			}
		},
		{
			"name": "head",
			"from": [4.5, 8.125, 3],
			"to": [11.5, 14.125, 13],
			"rotation": {"angle": 0, "axis": "y", "origin": [17.5, 16.125, 12]},
			"faces": {
				"north": {"uv": [0, 5, 3.5, 8], "texture": "#0"},
				"east": {"uv": [3.5, 0, 8.5, 3], "texture": "#0"},
				"south": {"uv": [7, 3, 10.5, 6], "texture": "#0"},
				"west": {"uv": [7, 7, 12, 10], "texture": "#0"},
				"up": {"uv": [3.5, 5, 0, 0], "texture": "#0"},
				"down": {"uv": [7, 3.5, 3.5, 8.5], "texture": "#0"}
			}
		},
		{
			"name": "head",
			"from": [6, 9.125, 14.25],
			"to": [10, 13.125, 14.75],
			"rotation": {"angle": 0, "axis": "y", "origin": [17, 16.125, 14]},
			"faces": {
				"north": {"uv": [4, 8.5, 6, 10.5], "texture": "#0"},
				"east": {"uv": [8, 10, 8.5, 12], "texture": "#0"},
				"south": {"uv": [8.5, 0, 10.5, 2], "texture": "#0"},
				"west": {"uv": [8.5, 10, 9, 12], "texture": "#0"},
				"up": {"uv": [10.5, 3, 8.5, 2.5], "texture": "#0"},
				"down": {"uv": [11, 6, 9, 6.5], "texture": "#0"}
			}
		},
		{
			"name": "head",
			"from": [6, 9.125, 1.25],
			"to": [10, 13.125, 1.75],
			"rotation": {"angle": 0, "axis": "y", "origin": [17, 16.125, 1]},
			"faces": {
				"north": {"uv": [0, 10, 2, 12], "texture": "#0"},
				"east": {"uv": [9, 10, 9.5, 12], "texture": "#0"},
				"south": {"uv": [6, 10, 8, 12], "texture": "#0"},
				"west": {"uv": [9.5, 10, 10, 12], "texture": "#0"},
				"up": {"uv": [11, 7, 9, 6.5], "texture": "#0"},
				"down": {"uv": [12, 10, 10, 10.5], "texture": "#0"}
			}
		},
		{
			"name": "head_extenders",
			"from": [5, 8.45033, 1.36444],
			"to": [11, 8.70033, 3.11444],
			"rotation": {"angle": 22.5, "axis": "x", "origin": [8, 8.57533, 2.23944]},
			"faces": {
				"north": {"uv": [5, 4, 8, 4.5], "texture": "#2"},
				"east": {"uv": [2, 7, 3, 7.5], "texture": "#2"},
				"south": {"uv": [5, 4.5, 8, 5], "texture": "#2"},
				"west": {"uv": [7, 7, 8, 7.5], "texture": "#2"},
				"up": {"uv": [3, 1, 0, 0], "texture": "#2"},
				"down": {"uv": [3, 1, 0, 2], "texture": "#2"}
			}
		},
		{
			"name": "head_extenders",
			"from": [5, 13.54967, 12.88556],
			"to": [11, 13.79967, 14.63556],
			"rotation": {"angle": 22.5, "axis": "x", "origin": [8, 13.67467, 13.76056]},
			"faces": {
				"north": {"uv": [6, 2.5, 9, 3], "texture": "#2"},
				"east": {"uv": [7, 0, 8, 0.5], "texture": "#2"},
				"south": {"uv": [6, 3, 9, 3.5], "texture": "#2"},
				"west": {"uv": [7, 0.5, 8, 1], "texture": "#2"},
				"up": {"uv": [3, 3, 0, 2], "texture": "#2"},
				"down": {"uv": [3, 3, 0, 4], "texture": "#2"}
			}
		},
		{
			"name": "head_extenders",
			"from": [5, 8.45033, 12.88556],
			"to": [11, 8.70033, 14.63556],
			"rotation": {"angle": -22.5, "axis": "x", "origin": [8, 8.57533, 13.76056]},
			"faces": {
				"north": {"uv": [6, 3.5, 9, 4], "texture": "#2"},
				"east": {"uv": [7, 1, 8, 1.5], "texture": "#2"},
				"south": {"uv": [6, 5, 9, 5.5], "texture": "#2"},
				"west": {"uv": [7, 1.5, 8, 2], "texture": "#2"},
				"up": {"uv": [6, 4, 3, 3], "texture": "#2"},
				"down": {"uv": [6, 0, 3, 1], "texture": "#2"}
			}
		},
		{
			"name": "head_extenders",
			"from": [5, 13.54967, 1.36444],
			"to": [11, 13.79967, 3.11444],
			"rotation": {"angle": -22.5, "axis": "x", "origin": [8, 13.67467, 2.23944]},
			"faces": {
				"north": {"uv": [6, 5.5, 9, 6], "texture": "#2"},
				"east": {"uv": [7, 2, 8, 2.5], "texture": "#2"},
				"south": {"uv": [0, 6.5, 3, 7], "texture": "#2"},
				"west": {"uv": [7, 6, 8, 6.5], "texture": "#2"},
				"up": {"uv": [6, 2, 3, 1], "texture": "#2"},
				"down": {"uv": [6, 2, 3, 3], "texture": "#2"}
			}
		},
		{
			"name": "head_extenders",
			"from": [11.06817, 8.875, 12.9141],
			"to": [11.31817, 13.375, 14.4141],
			"rotation": {"angle": -22.5, "axis": "y", "origin": [11.19317, 11.125, 13.4141]},
			"faces": {
				"north": {"uv": [3, 6.5, 3.5, 9], "texture": "#2"},
				"east": {"uv": [0, 4, 1, 6.5], "texture": "#2"},
				"south": {"uv": [3.5, 6.5, 4, 9], "texture": "#2"},
				"west": {"uv": [1, 4, 2, 6.5], "texture": "#2"},
				"up": {"uv": [2.5, 8.5, 2, 7.5], "texture": "#2"},
				"down": {"uv": [3, 7.5, 2.5, 8.5], "texture": "#2"}
			}
		},
		{
			"name": "head_extenders",
			"from": [4.87317, 8.875, 1.62396],
			"to": [5.12317, 13.375, 3.12396],
			"rotation": {"angle": -22.5, "axis": "y", "origin": [4.99817, 11.125, 2.12396]},
			"faces": {
				"north": {"uv": [4, 6.5, 4.5, 9], "texture": "#2"},
				"east": {"uv": [2, 4, 3, 6.5], "texture": "#2"},
				"south": {"uv": [4.5, 6.5, 5, 9], "texture": "#2"},
				"west": {"uv": [3, 4, 4, 6.5], "texture": "#2"},
				"up": {"uv": [5.5, 8.5, 5, 7.5], "texture": "#2"},
				"down": {"uv": [6, 7.5, 5.5, 8.5], "texture": "#2"}
			}
		},
		{
			"name": "head_extenders",
			"from": [10.87683, 8.875, 1.62396],
			"to": [11.12683, 13.375, 3.12396],
			"rotation": {"angle": 22.5, "axis": "y", "origin": [11.00183, 11.125, 2.12396]},
			"faces": {
				"north": {"uv": [0, 7, 0.5, 9.5], "texture": "#2"},
				"east": {"uv": [4, 4, 5, 6.5], "texture": "#2"},
				"south": {"uv": [0.5, 7, 1, 9.5], "texture": "#2"},
				"west": {"uv": [5, 5, 6, 7.5], "texture": "#2"},
				"up": {"uv": [7.5, 8.5, 7, 7.5], "texture": "#2"},
				"down": {"uv": [8, 7.5, 7.5, 8.5], "texture": "#2"}
			}
		},
		{
			"name": "head_extenders",
			"from": [11, 13.25, 1.79688],
			"to": [11.35938, 13.65625, 3],
			"rotation": {"angle": 22.5, "axis": "y", "origin": [11.25, 13.66406, 2.75]},
			"faces": {
				"north": {"uv": [0, 0, 1, 1], "texture": "#3"},
				"east": {"uv": [0, 1, 1, 2], "texture": "#3"},
				"south": {"uv": [1, 1, 2, 2], "texture": "#3"},
				"west": {"uv": [1, 0, 2, 1], "texture": "#3"},
				"up": {"uv": [1, 3, 0, 2], "texture": "#3"},
				"down": {"uv": [2, 2, 1, 3], "texture": "#3"}
			}
		},
		{
			"name": "head_extenders",
			"from": [11, 8.59375, 1.79688],
			"to": [11.35938, 9, 3],
			"rotation": {"angle": 22.5, "axis": "y", "origin": [11.25, 8.58594, 2.75]},
			"faces": {
				"north": {"uv": [2, 2, 3, 3], "texture": "#3"},
				"east": {"uv": [2, 0, 3, 1], "texture": "#3"},
				"south": {"uv": [2, 1, 3, 2], "texture": "#3"},
				"west": {"uv": [0, 3, 1, 4], "texture": "#3"},
				"up": {"uv": [2, 4, 1, 3], "texture": "#3"},
				"down": {"uv": [3, 3, 2, 4], "texture": "#3"}
			}
		},
		{
			"name": "head_extenders",
			"from": [11, 8.59375, 13],
			"to": [11.35938, 9, 14.20313],
			"rotation": {"angle": -22.5, "axis": "y", "origin": [11.25, 8.58594, 13.25]},
			"faces": {
				"north": {"uv": [3, 3, 4, 4], "texture": "#3"},
				"east": {"uv": [3, 0, 4, 1], "texture": "#3"},
				"south": {"uv": [3, 1, 4, 2], "texture": "#3"},
				"west": {"uv": [3, 2, 4, 3], "texture": "#3"},
				"up": {"uv": [1, 5, 0, 4], "texture": "#3"},
				"down": {"uv": [2, 4, 1, 5], "texture": "#3"}
			}
		},
		{
			"name": "head_extenders",
			"from": [11, 13.25, 13],
			"to": [11.35938, 13.65625, 14.20313],
			"rotation": {"angle": -22.5, "axis": "y", "origin": [11.25, 13.66406, 13.25]},
			"faces": {
				"north": {"uv": [2, 4, 3, 5], "texture": "#3"},
				"east": {"uv": [3, 4, 4, 5], "texture": "#3"},
				"south": {"uv": [4, 4, 5, 5], "texture": "#3"},
				"west": {"uv": [4, 0, 5, 1], "texture": "#3"},
				"up": {"uv": [5, 2, 4, 1], "texture": "#3"},
				"down": {"uv": [5, 2, 4, 3], "texture": "#3"}
			}
		},
		{
			"name": "head_extenders",
			"from": [4.64063, 13.25, 13],
			"to": [5, 13.65625, 14.20313],
			"rotation": {"angle": 22.5, "axis": "y", "origin": [4.75, 13.66406, 13.25]},
			"faces": {
				"north": {"uv": [4, 3, 5, 4], "texture": "#3"},
				"east": {"uv": [0, 5, 1, 6], "texture": "#3"},
				"south": {"uv": [1, 5, 2, 6], "texture": "#3"},
				"west": {"uv": [2, 5, 3, 6], "texture": "#3"},
				"up": {"uv": [4, 6, 3, 5], "texture": "#3"},
				"down": {"uv": [5, 5, 4, 6], "texture": "#3"}
			}
		},
		{
			"name": "head_extenders",
			"from": [4.64063, 8.59375, 13],
			"to": [5, 9, 14.20313],
			"rotation": {"angle": 22.5, "axis": "y", "origin": [4.75, 8.58594, 13.25]},
			"faces": {
				"north": {"uv": [5, 5, 6, 6], "texture": "#3"},
				"east": {"uv": [5, 0, 6, 1], "texture": "#3"},
				"south": {"uv": [5, 1, 6, 2], "texture": "#3"},
				"west": {"uv": [5, 2, 6, 3], "texture": "#3"},
				"up": {"uv": [6, 4, 5, 3], "texture": "#3"},
				"down": {"uv": [6, 4, 5, 5], "texture": "#3"}
			}
		},
		{
			"name": "head_extenders",
			"from": [4.64063, 13.25, 1.79688],
			"to": [5, 13.65625, 3],
			"rotation": {"angle": -22.5, "axis": "y", "origin": [4.75, 13.66406, 2.75]},
			"faces": {
				"north": {"uv": [0, 6, 1, 7], "texture": "#3"},
				"east": {"uv": [1, 6, 2, 7], "texture": "#3"},
				"south": {"uv": [2, 6, 3, 7], "texture": "#3"},
				"west": {"uv": [3, 6, 4, 7], "texture": "#3"},
				"up": {"uv": [5, 7, 4, 6], "texture": "#3"},
				"down": {"uv": [6, 6, 5, 7], "texture": "#3"}
			}
		},
		{
			"name": "head_extenders",
			"from": [4.64063, 8.59375, 1.79688],
			"to": [5, 9, 3],
			"rotation": {"angle": -22.5, "axis": "y", "origin": [4.75, 8.58594, 2.75]},
			"faces": {
				"north": {"uv": [6, 6, 7, 7], "texture": "#3"},
				"east": {"uv": [6, 0, 7, 1], "texture": "#3"},
				"south": {"uv": [6, 1, 7, 2], "texture": "#3"},
				"west": {"uv": [6, 2, 7, 3], "texture": "#3"},
				"up": {"uv": [7, 4, 6, 3], "texture": "#3"},
				"down": {"uv": [7, 4, 6, 5], "texture": "#3"}
			}
		},
		{
			"name": "head_extenders",
			"from": [11, 13.65625, 2.54688],
			"to": [11.35938, 14.01563, 3],
			"rotation": {"angle": 22.5, "axis": "y", "origin": [11.25, 14.42969, 2.75]},
			"faces": {
				"north": {"uv": [6, 5, 7, 6], "texture": "#3"},
				"east": {"uv": [0, 7, 1, 8], "texture": "#3"},
				"south": {"uv": [1, 7, 2, 8], "texture": "#3"},
				"west": {"uv": [2, 7, 3, 8], "texture": "#3"},
				"up": {"uv": [4, 8, 3, 7], "texture": "#3"},
				"down": {"uv": [5, 7, 4, 8], "texture": "#3"}
			}
		},
		{
			"name": "head_extenders",
			"from": [11, 8.23438, 2.54688],
			"to": [11.35938, 8.59375, 3],
			"rotation": {"angle": 22.5, "axis": "y", "origin": [11.25, 7.82031, 2.75]},
			"faces": {
				"north": {"uv": [5, 7, 6, 8], "texture": "#3"},
				"east": {"uv": [6, 7, 7, 8], "texture": "#3"},
				"south": {"uv": [7, 7, 8, 8], "texture": "#3"},
				"west": {"uv": [7, 0, 8, 1], "texture": "#3"},
				"up": {"uv": [8, 2, 7, 1], "texture": "#3"},
				"down": {"uv": [8, 2, 7, 3], "texture": "#3"}
			}
		},
		{
			"name": "head_extenders",
			"from": [11, 8.23438, 13],
			"to": [11.35938, 8.59375, 13.45313],
			"rotation": {"angle": -22.5, "axis": "y", "origin": [11.25, 7.82031, 13.25]},
			"faces": {
				"north": {"uv": [7, 3, 8, 4], "texture": "#3"},
				"east": {"uv": [7, 4, 8, 5], "texture": "#3"},
				"south": {"uv": [7, 5, 8, 6], "texture": "#3"},
				"west": {"uv": [7, 6, 8, 7], "texture": "#3"},
				"up": {"uv": [1, 9, 0, 8], "texture": "#3"},
				"down": {"uv": [2, 8, 1, 9], "texture": "#3"}
			}
		},
		{
			"name": "head_extenders",
			"from": [11, 13.65625, 13],
			"to": [11.35938, 14.01563, 13.45313],
			"rotation": {"angle": -22.5, "axis": "y", "origin": [11.25, 14.42969, 13.25]},
			"faces": {
				"north": {"uv": [2, 8, 3, 9], "texture": "#3"},
				"east": {"uv": [3, 8, 4, 9], "texture": "#3"},
				"south": {"uv": [4, 8, 5, 9], "texture": "#3"},
				"west": {"uv": [5, 8, 6, 9], "texture": "#3"},
				"up": {"uv": [7, 9, 6, 8], "texture": "#3"},
				"down": {"uv": [8, 8, 7, 9], "texture": "#3"}
			}
		},
		{
			"name": "head_extenders",
			"from": [4.64063, 13.65625, 13],
			"to": [5, 14.01563, 13.45313],
			"rotation": {"angle": 22.5, "axis": "y", "origin": [4.75, 14.42969, 13.25]},
			"faces": {
				"north": {"uv": [8, 8, 9, 9], "texture": "#3"},
				"east": {"uv": [8, 0, 9, 1], "texture": "#3"},
				"south": {"uv": [8, 1, 9, 2], "texture": "#3"},
				"west": {"uv": [8, 2, 9, 3], "texture": "#3"},
				"up": {"uv": [9, 4, 8, 3], "texture": "#3"},
				"down": {"uv": [9, 4, 8, 5], "texture": "#3"}
			}
		},
		{
			"name": "head_extenders",
			"from": [4.64063, 8.23438, 13],
			"to": [5, 8.59375, 13.45313],
			"rotation": {"angle": 22.5, "axis": "y", "origin": [4.75, 7.82031, 13.25]},
			"faces": {
				"north": {"uv": [8, 5, 9, 6], "texture": "#3"},
				"east": {"uv": [8, 6, 9, 7], "texture": "#3"},
				"south": {"uv": [8, 7, 9, 8], "texture": "#3"},
				"west": {"uv": [0, 9, 1, 10], "texture": "#3"},
				"up": {"uv": [2, 10, 1, 9], "texture": "#3"},
				"down": {"uv": [3, 9, 2, 10], "texture": "#3"}
			}
		},
		{
			"name": "head_extenders",
			"from": [4.64063, 13.65625, 2.54688],
			"to": [5, 14.01563, 3],
			"rotation": {"angle": -22.5, "axis": "y", "origin": [4.75, 14.42969, 2.75]},
			"faces": {
				"north": {"uv": [3, 9, 4, 10], "texture": "#3"},
				"east": {"uv": [4, 9, 5, 10], "texture": "#3"},
				"south": {"uv": [5, 9, 6, 10], "texture": "#3"},
				"west": {"uv": [6, 9, 7, 10], "texture": "#3"},
				"up": {"uv": [8, 10, 7, 9], "texture": "#3"},
				"down": {"uv": [9, 9, 8, 10], "texture": "#3"}
			}
		},
		{
			"name": "head_extenders",
			"from": [4.64063, 8.23438, 2.54688],
			"to": [5, 8.59375, 3],
			"rotation": {"angle": -22.5, "axis": "y", "origin": [4.75, 7.82031, 2.75]},
			"faces": {
				"north": {"uv": [9, 9, 10, 10], "texture": "#3"},
				"east": {"uv": [9, 0, 10, 1], "texture": "#3"},
				"south": {"uv": [9, 1, 10, 2], "texture": "#3"},
				"west": {"uv": [9, 2, 10, 3], "texture": "#3"},
				"up": {"uv": [10, 4, 9, 3], "texture": "#3"},
				"down": {"uv": [10, 4, 9, 5], "texture": "#3"}
			}
		},
		{
			"name": "head_extenders",
			"from": [4.68183, 8.875, 12.9141],
			"to": [4.93183, 13.375, 14.4141],
			"rotation": {"angle": 22.5, "axis": "y", "origin": [4.80683, 11.125, 13.4141]},
			"faces": {
				"north": {"uv": [1, 7, 1.5, 9.5], "texture": "#2"},
				"east": {"uv": [6, 6, 7, 8.5], "texture": "#2"},
				"south": {"uv": [1.5, 7, 2, 9.5], "texture": "#2"},
				"west": {"uv": [6, 0, 7, 2.5], "texture": "#2"},
				"up": {"uv": [8.5, 9, 8, 8], "texture": "#2"},
				"down": {"uv": [8.5, 0, 8, 1], "texture": "#2"}
			}
		},
		{
			"from": [5.25, 9, 13.5],
			"to": [10.75, 13.25, 14.5],
			"rotation": {"angle": 0, "axis": "y", "origin": [15.5, 17, 21.5]},
			"faces": {
				"north": {"uv": [0, 0, 6, 4], "texture": "#4"},
				"east": {"uv": [0, 10, 1, 14], "texture": "#4"},
				"south": {"uv": [0, 4, 6, 8], "texture": "#4"},
				"west": {"uv": [1, 10, 2, 14], "texture": "#4"},
				"up": {"uv": [12, 5, 6, 4], "texture": "#4"},
				"down": {"uv": [12, 5, 6, 6], "texture": "#4"}
			}
		},
		{
			"from": [5.25, 9, 1.5],
			"to": [10.75, 13.25, 2.5],
			"rotation": {"angle": 0, "axis": "y", "origin": [15.5, 17, 9.5]},
			"faces": {
				"north": {"uv": [6, 6, 12, 10], "texture": "#4"},
				"east": {"uv": [2, 10, 3, 14], "texture": "#4"},
				"south": {"uv": [6, 0, 12, 4], "texture": "#4"},
				"west": {"uv": [3, 10, 4, 14], "texture": "#4"},
				"up": {"uv": [6, 9, 0, 8], "texture": "#4"},
				"down": {"uv": [6, 9, 0, 10], "texture": "#4"}
			}
		},
		{
			"name": "handle",
			"from": [7, -1.75, 7],
			"to": [9, 0.5, 9],
			"faces": {
				"north": {"uv": [3, 0, 5, 2], "texture": "#1"},
				"east": {"uv": [4, 2, 6, 4], "texture": "#1"},
				"south": {"uv": [5, 0, 7, 2], "texture": "#1"},
				"west": {"uv": [1, 6, 3, 8], "texture": "#1"},
				"up": {"uv": [8, 8, 6, 6], "texture": "#1"},
				"down": {"uv": [8, 2, 6, 4], "texture": "#1"}
			}
		},
		{
			"name": "handle",
			"from": [7.5, 0.5, 7.5],
			"to": [8.5, 7.5, 8.5],
			"faces": {
				"north": {"uv": [3, 3, 4, 10], "texture": "#1"},
				"east": {"uv": [4, 4, 5, 11], "texture": "#1"},
				"south": {"uv": [5, 5, 6, 12], "texture": "#1"},
				"west": {"uv": [0, 6, 1, 13], "texture": "#1"},
				"up": {"uv": [4, 3, 3, 2], "texture": "#1"},
				"down": {"uv": [2, 8, 1, 9], "texture": "#1"}
			}
		},
		{
			"name": "handle",
			"from": [6.5, 7.25, 6.5],
			"to": [9.5, 8.5, 9.5],
			"faces": {
				"north": {"uv": [5, 4, 8, 5], "texture": "#1"},
				"east": {"uv": [6, 5, 9, 6], "texture": "#1"},
				"south": {"uv": [7, 0, 10, 1], "texture": "#1"},
				"west": {"uv": [7, 1, 10, 2], "texture": "#1"},
				"up": {"uv": [3, 3, 0, 0], "texture": "#1"},
				"down": {"uv": [3, 3, 0, 6], "texture": "#1"}
			}
		}
	],
	"display": {
		"thirdperson_righthand": {
			"rotation": [0, -1, 0],
			"translation": [0, 2.25, 1.25]
		},
		"thirdperson_lefthand": {
			"translation": [0, 2.25, 1.25]
		},
		"firstperson_righthand": {
			"translation": [0, 3.25, 0]
		},
		"firstperson_lefthand": {
			"translation": [0, 3.25, 0]
		},
		"ground": {
			"translation": [0, 16.75, 0],
			"scale": [2.12, 2.05, 2.01]
		},
		"gui": {
			"rotation": [0, 90, 0],
			"translation": [-0.75, 1, 80]
		},
		"head": {
			"translation": [0, 13.5, 0]
		},
		"fixed": {
			"rotation": [0, 90, 0],
			"translation": [0, 1.25, 0],
			"scale": [1.05, 1.03, 1]
		}
	},
	"groups": [
		{
			"name": "head",
			"origin": [8, 8, 8],
			"children": [0, 1, 2, 3, 4, 5, 6, 7, 8, 9, 10, 11, 12, 13, 14, 15, 16, 17, 18, 19, 20, 21, 22, 23, 24, 25, 26, 27, 28, 29]
		},
		{
			"name": "handle",
			"origin": [8, 8, 8],
			"children": [30, 31, 32]
		}
	]
}